ProductID,Name,Category,SupplierID
PRD0001,Ago Region,Component,SUP036
PRD0002,Apply Score,Chemical,SUP036
PRD0003,Information Good,Packaging,SUP026
PRD0004,Create Meeting,Packaging,SUP043
PRD0005,Side Oil,Packaging,SUP027
PRD0006,First Test,Chemical,SUP069
PRD0007,Control Paper,Component,SUP020
PRD0008,Admit Else,Component,SUP011
PRD0009,Discussion Threat,Chemical,SUP074
PRD0010,Nearly Reality,Packaging,SUP038
PRD0011,Stop Expect,Packaging,SUP006
PRD0012,Explain Sometimes,Component,SUP072
PRD0013,Sort As,Packaging,SUP023
PRD0014,Ground New,Raw Material,SUP047
PRD0015,Official Develop,Component,SUP090
PRD0016,Son Other,Packaging,SUP046
PRD0017,Either Morning,Component,SUP012
PRD0018,Attorney Attack,Raw Material,SUP090
PRD0019,Sea Management,Component,SUP013
PRD0020,Chance Reveal,Component,SUP062
PRD0021,Option Economic,Component,SUP082
PRD0022,Ten Mind,Component,SUP089
PRD0023,Sit Great,Raw Material,SUP097
PRD0024,Resource At,Chemical,SUP060
PRD0025,Record Serious,Component,SUP043
PRD0026,Once Keep,Component,SUP076
PRD0027,Bill Rule,Packaging,SUP100
PRD0028,Leg Center,Component,SUP068
PRD0029,Arm Over,Packaging,SUP005
PRD0030,Government Lead,Chemical,SUP037
PRD0031,Brother Area,Raw Material,SUP072
PRD0032,Still Doctor,Raw Material,SUP092
PRD0033,Thousand Account,Chemical,SUP031
PRD0034,Kind Report,Raw Material,SUP009
PRD0035,Available Street,Chemical,SUP051
PRD0036,Key Design,Chemical,SUP029
PRD0037,Own Pretty,Chemical,SUP078
PRD0038,Today Natural,Raw Material,SUP040
PRD0039,Near Least,Packaging,SUP041
PRD0040,Avoid Shake,Chemical,SUP086
PRD0041,Cold Marriage,Component,SUP011
PRD0042,Minute Yes,Raw Material,SUP023
PRD0043,Law Either,Chemical,SUP001
PRD0044,Fast Study,Chemical,SUP046
PRD0045,Become Down,Component,SUP021
PRD0046,Apply A,Packaging,SUP090
PRD0047,Personal Of,Packaging,SUP036
PRD0048,Staff Activity,Packaging,SUP054
PRD0049,Stay Experience,Chemical,SUP087
PRD0050,Young Last,Chemical,SUP057
PRD0051,Current Low,Chemical,SUP001
PRD0052,Share Doctor,Raw Material,SUP063
PRD0053,Medical Fish,Component,SUP054
PRD0054,Finally Head,Chemical,SUP055
PRD0055,Strategy Statement,Component,SUP040
PRD0056,Good Action,Component,SUP015
PRD0057,Commercial Kitchen,Packaging,SUP021
PRD0058,Religious Half,Raw Material,SUP047
PRD0059,Thus Serious,Chemical,SUP073
PRD0060,Building Partner,Packaging,SUP053
PRD0061,Such Suddenly,Packaging,SUP009
PRD0062,Car Challenge,Chemical,SUP074
PRD0063,The More,Component,SUP052
PRD0064,Process Probably,Packaging,SUP057
PRD0065,From Simple,Component,SUP026
PRD0066,Admit Technology,Raw Material,SUP041
PRD0067,Energy Training,Component,SUP035
PRD0068,We After,Raw Material,SUP063
PRD0069,Race Experience,Component,SUP025
PRD0070,Good Sense,Packaging,SUP090
PRD0071,Ago Get,Packaging,SUP075
PRD0072,Five Big,Raw Material,SUP038
PRD0073,Billion Sometimes,Chemical,SUP002
PRD0074,Not Authority,Raw Material,SUP007
PRD0075,Financial The,Raw Material,SUP082
PRD0076,Certainly Wind,Component,SUP091
PRD0077,Ball Light,Component,SUP034
PRD0078,History Sign,Raw Material,SUP091
PRD0079,Player Those,Packaging,SUP017
PRD0080,Mention Respond,Component,SUP043
PRD0081,Cost Traditional,Chemical,SUP059
PRD0082,Above Interesting,Component,SUP051
PRD0083,Determine Meet,Component,SUP054
PRD0084,Employee Have,Chemical,SUP024
PRD0085,Level Record,Raw Material,SUP025
PRD0086,Couple Particularly,Chemical,SUP071
PRD0087,Half Pattern,Raw Material,SUP052
PRD0088,Many Thing,Raw Material,SUP070
PRD0089,Control Evening,Raw Material,SUP088
PRD0090,Not Itself,Chemical,SUP033
PRD0091,Everyone Because,Raw Material,SUP049
PRD0092,Doctor Specific,Packaging,SUP029
PRD0093,Fish Republican,Chemical,SUP063
PRD0094,Take Top,Packaging,SUP022
PRD0095,Must Rule,Raw Material,SUP026
PRD0096,Do Control,Component,SUP028
PRD0097,Speech Activity,Raw Material,SUP085
PRD0098,Yourself Home,Packaging,SUP049
PRD0099,For Case,Packaging,SUP071
PRD0100,Project Drop,Chemical,SUP081
PRD0101,Oil Would,Component,SUP084
PRD0102,From Attorney,Chemical,SUP049
PRD0103,Find Ask,Packaging,SUP020
PRD0104,Price Argue,Raw Material,SUP086
PRD0105,Fall Entire,Component,SUP092
PRD0106,Management Necessary,Raw Material,SUP063
PRD0107,Agent Stand,Raw Material,SUP061
PRD0108,Where Down,Component,SUP049
PRD0109,Almost Item,Chemical,SUP071
PRD0110,Brother Stock,Raw Material,SUP001
PRD0111,Team Training,Packaging,SUP096
PRD0112,Specific Mention,Raw Material,SUP013
PRD0113,Traditional Skill,Component,SUP094
PRD0114,Necessary On,Component,SUP087
PRD0115,Cold Process,Component,SUP051
PRD0116,Place Leave,Chemical,SUP056
PRD0117,Continue Shake,Raw Material,SUP083
PRD0118,Difference Pattern,Chemical,SUP062
PRD0119,Practice Great,Chemical,SUP032
PRD0120,Production Until,Component,SUP030
PRD0121,Fear Word,Component,SUP029
PRD0122,Determine President,Chemical,SUP049
PRD0123,Glass Type,Raw Material,SUP045
PRD0124,Different Politics,Packaging,SUP093
PRD0125,Western Chair,Chemical,SUP030
PRD0126,Trouble After,Raw Material,SUP016
PRD0127,Approach Argue,Component,SUP040
PRD0128,Movie Evidence,Component,SUP019
PRD0129,Worker Quickly,Raw Material,SUP018
PRD0130,Food As,Packaging,SUP001
PRD0131,Purpose Ground,Component,SUP078
PRD0132,Some Good,Component,SUP047
PRD0133,Animal Last,Component,SUP066
PRD0134,Player Space,Raw Material,SUP092
PRD0135,Federal Box,Chemical,SUP094
PRD0136,Similar Against,Component,SUP038
PRD0137,Move Mind,Chemical,SUP051
PRD0138,Group Building,Packaging,SUP063
PRD0139,Ever Star,Component,SUP004
PRD0140,Dream Particular,Component,SUP001
PRD0141,Fight Everyone,Packaging,SUP008
PRD0142,Author Mother,Component,SUP029
PRD0143,Call Sell,Chemical,SUP055
PRD0144,Music Apply,Raw Material,SUP003
PRD0145,Debate Agreement,Chemical,SUP032
PRD0146,Possible Call,Raw Material,SUP010
PRD0147,Street Market,Raw Material,SUP074
PRD0148,Nor Possible,Chemical,SUP083
PRD0149,Such Nearly,Chemical,SUP034
PRD0150,Doctor Exist,Chemical,SUP097
PRD0151,Right Account,Chemical,SUP087
PRD0152,Eye Again,Packaging,SUP055
PRD0153,Character Attack,Component,SUP092
PRD0154,Suffer Number,Raw Material,SUP032
PRD0155,Worker Live,Chemical,SUP050
PRD0156,More Represent,Chemical,SUP007
PRD0157,Tv Director,Chemical,SUP093
PRD0158,Value Measure,Packaging,SUP008
PRD0159,Site Available,Chemical,SUP065
PRD0160,First Mention,Chemical,SUP057
PRD0161,While Bad,Chemical,SUP067
PRD0162,High Draw,Component,SUP088
PRD0163,Today Sense,Packaging,SUP087
PRD0164,Expert Worker,Chemical,SUP059
PRD0165,Audience Task,Raw Material,SUP072
PRD0166,Police World,Raw Material,SUP054
PRD0167,Thing However,Raw Material,SUP067
PRD0168,Traditional You,Packaging,SUP051
PRD0169,Box Long,Packaging,SUP097
PRD0170,The Camera,Raw Material,SUP092
PRD0171,Story Relationship,Chemical,SUP008
PRD0172,Want Black,Packaging,SUP034
PRD0173,Production Fine,Raw Material,SUP035
PRD0174,White Country,Raw Material,SUP096
PRD0175,Leader True,Chemical,SUP088
PRD0176,Ok Worry,Component,SUP078
PRD0177,Meet Either,Packaging,SUP032
PRD0178,Say Day,Chemical,SUP046
PRD0179,Large Outside,Raw Material,SUP016
PRD0180,Fish Apply,Raw Material,SUP068
PRD0181,Investment Avoid,Chemical,SUP037
PRD0182,There Truth,Packaging,SUP054
PRD0183,Summer Human,Component,SUP085
PRD0184,Dark Window,Component,SUP014
PRD0185,Him Recently,Raw Material,SUP095
PRD0186,Option Player,Packaging,SUP055
PRD0187,Hear Newspaper,Component,SUP048
PRD0188,Among Staff,Packaging,SUP082
PRD0189,Vote Shake,Packaging,SUP007
PRD0190,Concern Discuss,Raw Material,SUP074
PRD0191,Special New,Component,SUP007
PRD0192,News Every,Chemical,SUP033
PRD0193,Without Begin,Raw Material,SUP023
PRD0194,Finish Different,Component,SUP085
PRD0195,Other Parent,Component,SUP019
PRD0196,Glass Who,Component,SUP019
PRD0197,Game Case,Component,SUP036
PRD0198,Camera Land,Component,SUP029
PRD0199,Although Skin,Packaging,SUP060
PRD0200,Attack Sister,Raw Material,SUP082
PRD0201,They Rather,Packaging,SUP002
PRD0202,Memory Spend,Chemical,SUP001
PRD0203,Hope Detail,Component,SUP047
PRD0204,Hotel Put,Raw Material,SUP069
PRD0205,Thank Ten,Component,SUP020
PRD0206,Clearly Nature,Raw Material,SUP011
PRD0207,National Than,Packaging,SUP002
PRD0208,Last City,Raw Material,SUP067
PRD0209,Everything Deal,Chemical,SUP087
PRD0210,Through No,Chemical,SUP012
PRD0211,Question Month,Raw Material,SUP020
PRD0212,Necessary Stop,Raw Material,SUP005
PRD0213,Them Foreign,Raw Material,SUP037
PRD0214,Debate Sell,Raw Material,SUP038
PRD0215,Strategy Staff,Chemical,SUP094
PRD0216,Far Account,Component,SUP009
PRD0217,Them His,Raw Material,SUP098
PRD0218,Rock Method,Raw Material,SUP053
PRD0219,Subject Image,Chemical,SUP044
PRD0220,Arm Turn,Chemical,SUP099
PRD0221,Real Tend,Packaging,SUP086
PRD0222,Amount Clear,Raw Material,SUP024
PRD0223,Cause Ago,Packaging,SUP081
PRD0224,Stage Say,Chemical,SUP074
PRD0225,Meeting Congress,Chemical,SUP030
PRD0226,Adult Themselves,Component,SUP059
PRD0227,Step Sound,Raw Material,SUP087
PRD0228,Across Soon,Packaging,SUP096
PRD0229,Interest Hard,Chemical,SUP081
PRD0230,Understand Fish,Chemical,SUP081
PRD0231,Color Gun,Packaging,SUP014
PRD0232,Time Southern,Component,SUP009
PRD0233,Player Agree,Chemical,SUP040
PRD0234,Democratic North,Raw Material,SUP066
PRD0235,Coach Win,Chemical,SUP025
PRD0236,Tough Onto,Raw Material,SUP073
PRD0237,Road Add,Packaging,SUP022
PRD0238,Executive Myself,Raw Material,SUP004
PRD0239,Among Weight,Packaging,SUP026
PRD0240,Hope Professor,Raw Material,SUP058
PRD0241,Bag Physical,Packaging,SUP029
PRD0242,Place No,Raw Material,SUP098
PRD0243,More Total,Component,SUP087
PRD0244,They Smile,Raw Material,SUP037
PRD0245,Spend Yourself,Raw Material,SUP075
PRD0246,State Budget,Component,SUP070
PRD0247,Wrong Community,Chemical,SUP018
PRD0248,Too Will,Chemical,SUP085
PRD0249,Without Manager,Raw Material,SUP042
PRD0250,House Record,Component,SUP100
PRD0251,Measure Cover,Raw Material,SUP041
PRD0252,Tax American,Packaging,SUP038
PRD0253,Here Hour,Packaging,SUP034
PRD0254,Research House,Raw Material,SUP017
PRD0255,Street Inside,Chemical,SUP037
PRD0256,Safe Newspaper,Chemical,SUP025
PRD0257,Man Figure,Raw Material,SUP076
PRD0258,Dream Shake,Raw Material,SUP087
PRD0259,Professor Level,Packaging,SUP086
PRD0260,Reflect House,Chemical,SUP085
PRD0261,Blood Ability,Raw Material,SUP027
PRD0262,Realize Truth,Packaging,SUP057
PRD0263,Nor Prevent,Chemical,SUP031
PRD0264,Campaign Crime,Component,SUP006
PRD0265,Bring Hand,Packaging,SUP091
PRD0266,Both Open,Chemical,SUP040
PRD0267,Sound Soldier,Chemical,SUP098
PRD0268,Series Film,Packaging,SUP012
PRD0269,Life Away,Component,SUP053
PRD0270,Seat Test,Packaging,SUP071
PRD0271,House Kid,Chemical,SUP010
PRD0272,Change Son,Raw Material,SUP045
PRD0273,Growth Three,Raw Material,SUP017
PRD0274,Degree This,Packaging,SUP026
PRD0275,Mother Rise,Chemical,SUP085
PRD0276,Watch Person,Raw Material,SUP092
PRD0277,Dream Voice,Chemical,SUP062
PRD0278,He Strategy,Packaging,SUP046
PRD0279,Bar Suddenly,Raw Material,SUP064
PRD0280,Develop Every,Chemical,SUP002
PRD0281,Speak Claim,Raw Material,SUP054
PRD0282,Street Specific,Packaging,SUP065
PRD0283,Dog Adult,Chemical,SUP051
PRD0284,Large Present,Raw Material,SUP053
PRD0285,Anyone Successful,Packaging,SUP036
PRD0286,Produce Part,Raw Material,SUP026
PRD0287,Happy Without,Raw Material,SUP029
PRD0288,Quite Newspaper,Component,SUP021
PRD0289,Thing Capital,Component,SUP011
PRD0290,Treat Along,Packaging,SUP040
PRD0291,Military Lead,Component,SUP011
PRD0292,Necessary Service,Packaging,SUP036
PRD0293,Determine Once,Component,SUP059
PRD0294,Cover After,Raw Material,SUP039
PRD0295,Natural Senior,Packaging,SUP099
PRD0296,Data Physical,Packaging,SUP054
PRD0297,Hundred This,Raw Material,SUP098
PRD0298,Goal Rise,Packaging,SUP055
PRD0299,End Standard,Packaging,SUP024
PRD0300,Law Tree,Component,SUP022
PRD0301,Suddenly Campaign,Packaging,SUP069
PRD0302,Something Size,Chemical,SUP056
PRD0303,Without Specific,Raw Material,SUP033
PRD0304,Form South,Component,SUP036
PRD0305,Individual Interest,Component,SUP020
PRD0306,Once Son,Chemical,SUP083
PRD0307,Dark Ground,Raw Material,SUP099
PRD0308,I Film,Raw Material,SUP081
PRD0309,Car Guess,Component,SUP062
PRD0310,Most Test,Packaging,SUP098
PRD0311,Positive Step,Component,SUP073
PRD0312,Matter Market,Raw Material,SUP026
PRD0313,South Agreement,Chemical,SUP066
PRD0314,Build Still,Component,SUP073
PRD0315,Produce Quite,Raw Material,SUP073
PRD0316,Less Land,Component,SUP040
PRD0317,Oil Central,Packaging,SUP017
PRD0318,Mouth Ok,Component,SUP001
PRD0319,Risk Against,Component,SUP089
PRD0320,Sometimes Such,Raw Material,SUP061
PRD0321,Information Hard,Raw Material,SUP043
PRD0322,Season Home,Raw Material,SUP042
PRD0323,Her Direction,Component,SUP025
PRD0324,Actually Night,Packaging,SUP039
PRD0325,See Standard,Chemical,SUP035
PRD0326,Top Thank,Chemical,SUP003
PRD0327,Box List,Raw Material,SUP044
PRD0328,Young Each,Raw Material,SUP051
PRD0329,Perhaps Stock,Component,SUP094
PRD0330,Claim Big,Chemical,SUP098
PRD0331,Cover Yard,Raw Material,SUP012
PRD0332,Until Major,Packaging,SUP019
PRD0333,Wind Watch,Packaging,SUP044
PRD0334,Approach Phone,Raw Material,SUP059
PRD0335,Environment Read,Raw Material,SUP049
PRD0336,Southern Loss,Chemical,SUP061
PRD0337,Audience Eye,Chemical,SUP017
PRD0338,Character Message,Component,SUP074
PRD0339,Wife Bar,Chemical,SUP057
PRD0340,Property Child,Packaging,SUP055
PRD0341,Than Indicate,Packaging,SUP047
PRD0342,Mind Less,Raw Material,SUP012
PRD0343,Check It,Chemical,SUP062
PRD0344,Benefit Sense,Component,SUP080
PRD0345,Affect Simple,Packaging,SUP088
PRD0346,Travel Language,Packaging,SUP083
PRD0347,Political Story,Component,SUP008
PRD0348,Effort Guess,Component,SUP095
PRD0349,Talk Kind,Packaging,SUP021
PRD0350,Discussion Instead,Packaging,SUP081
PRD0351,Wrong Reality,Component,SUP087
PRD0352,Eye Cover,Packaging,SUP080
PRD0353,Evidence Market,Raw Material,SUP070
PRD0354,Issue Wrong,Raw Material,SUP072
PRD0355,Senior Everyone,Component,SUP025
PRD0356,General Condition,Chemical,SUP082
PRD0357,View Hospital,Component,SUP089
PRD0358,Attorney Condition,Component,SUP012
PRD0359,Mind Project,Chemical,SUP015
PRD0360,Fire Value,Chemical,SUP059
PRD0361,Owner Church,Chemical,SUP026
PRD0362,Church Team,Raw Material,SUP026
PRD0363,Particularly Yes,Packaging,SUP047
PRD0364,Follow More,Raw Material,SUP032
PRD0365,Develop Agent,Packaging,SUP010
PRD0366,Full While,Raw Material,SUP016
PRD0367,Standard Simply,Packaging,SUP071
PRD0368,Indicate Shake,Raw Material,SUP017
PRD0369,Cup Rise,Chemical,SUP023
PRD0370,Point Quickly,Component,SUP026
PRD0371,Indicate Least,Raw Material,SUP085
PRD0372,Tend Report,Packaging,SUP086
PRD0373,Career Usually,Chemical,SUP007
PRD0374,Somebody Democrat,Raw Material,SUP014
PRD0375,Bit Factor,Raw Material,SUP079
PRD0376,Three For,Chemical,SUP007
PRD0377,Good Maybe,Raw Material,SUP009
PRD0378,Wife Possible,Component,SUP048
PRD0379,There Outside,Raw Material,SUP072
PRD0380,Draw East,Component,SUP059
PRD0381,Person Well,Component,SUP087
PRD0382,Street Apply,Chemical,SUP093
PRD0383,Administration Capital,Raw Material,SUP082
PRD0384,Couple But,Chemical,SUP095
PRD0385,Road Senior,Raw Material,SUP094
PRD0386,Pretty Say,Raw Material,SUP039
PRD0387,Sister Firm,Packaging,SUP099
PRD0388,Purpose Hour,Raw Material,SUP018
PRD0389,Statement Common,Chemical,SUP059
PRD0390,Until Could,Component,SUP017
PRD0391,Quickly House,Raw Material,SUP014
PRD0392,Many Player,Packaging,SUP031
PRD0393,Take Sport,Chemical,SUP024
PRD0394,Such Hand,Raw Material,SUP099
PRD0395,Read Son,Chemical,SUP060
PRD0396,Later Between,Packaging,SUP045
PRD0397,Always Want,Packaging,SUP098
PRD0398,Listen Whether,Chemical,SUP003
PRD0399,Impact General,Raw Material,SUP037
PRD0400,Success Performance,Component,SUP043
PRD0401,Debate Soon,Packaging,SUP040
PRD0402,Difference State,Raw Material,SUP090
PRD0403,Go However,Raw Material,SUP055
PRD0404,Agent Economy,Component,SUP087
PRD0405,Subject Girl,Packaging,SUP039
PRD0406,Look Physical,Packaging,SUP015
PRD0407,Wish Us,Raw Material,SUP004
PRD0408,Sometimes Man,Raw Material,SUP093
PRD0409,Impact Task,Component,SUP086
PRD0410,Market Not,Component,SUP025
PRD0411,Man Food,Packaging,SUP013
PRD0412,South Expert,Chemical,SUP082
PRD0413,Age Administration,Packaging,SUP033
PRD0414,Such Reflect,Raw Material,SUP016
PRD0415,West Nice,Packaging,SUP042
PRD0416,Responsibility Remember,Chemical,SUP066
PRD0417,Activity Image,Component,SUP055
PRD0418,Church Until,Chemical,SUP099
PRD0419,Manage Into,Chemical,SUP042
PRD0420,Large Including,Chemical,SUP034
PRD0421,Another Attack,Component,SUP030
PRD0422,Camera Wait,Chemical,SUP013
PRD0423,Cup Case,Chemical,SUP013
PRD0424,Condition Animal,Chemical,SUP018
PRD0425,Sea Bit,Raw Material,SUP032
PRD0426,Hand Customer,Chemical,SUP096
PRD0427,Kind Produce,Component,SUP099
PRD0428,Total Order,Chemical,SUP039
PRD0429,Or Visit,Chemical,SUP046
PRD0430,Government Majority,Component,SUP029
PRD0431,Soon Newspaper,Chemical,SUP062
PRD0432,Plan Go,Component,SUP093
PRD0433,Whether Know,Chemical,SUP062
PRD0434,Life Arm,Component,SUP057
PRD0435,Too Tell,Chemical,SUP016
PRD0436,Girl Middle,Chemical,SUP056
PRD0437,Rate Bar,Raw Material,SUP010
PRD0438,Discussion Mouth,Raw Material,SUP030
PRD0439,Former Bank,Chemical,SUP025
PRD0440,Without Important,Chemical,SUP084
PRD0441,Yet Financial,Packaging,SUP005
PRD0442,Scientist Middle,Component,SUP065
PRD0443,Mr Just,Packaging,SUP094
PRD0444,Soon Off,Raw Material,SUP049
PRD0445,End Wall,Raw Material,SUP003
PRD0446,Study Seat,Raw Material,SUP045
PRD0447,Kid Politics,Raw Material,SUP014
PRD0448,One Far,Chemical,SUP030
PRD0449,Sort Federal,Raw Material,SUP068
PRD0450,Her Free,Chemical,SUP018
PRD0451,Contain Direction,Chemical,SUP062
PRD0452,Anything Player,Raw Material,SUP037
PRD0453,Bag Health,Raw Material,SUP025
PRD0454,Our Concern,Component,SUP048
PRD0455,Spend Evidence,Packaging,SUP065
PRD0456,Movie Film,Raw Material,SUP053
PRD0457,Finally Environmental,Component,SUP079
PRD0458,Common Return,Component,SUP073
PRD0459,Rock There,Packaging,SUP015
PRD0460,Item Level,Chemical,SUP049
PRD0461,Really Nearly,Raw Material,SUP088
PRD0462,Interest Free,Packaging,SUP068
PRD0463,Market Another,Raw Material,SUP012
PRD0464,Company Cut,Component,SUP059
PRD0465,Board Scientist,Component,SUP037
PRD0466,Public Accept,Chemical,SUP061
PRD0467,Analysis Ago,Component,SUP043
PRD0468,Perform Movement,Component,SUP070
PRD0469,Why List,Packaging,SUP039
PRD0470,Behavior High,Raw Material,SUP056
PRD0471,Civil Family,Raw Material,SUP063
PRD0472,Born Partner,Packaging,SUP046
PRD0473,Admit Better,Chemical,SUP088
PRD0474,All Soon,Raw Material,SUP011
PRD0475,Campaign Education,Component,SUP062
PRD0476,Nothing Them,Raw Material,SUP077
PRD0477,Simple Cold,Component,SUP098
PRD0478,Resource Recent,Chemical,SUP025
PRD0479,Surface Individual,Packaging,SUP071
PRD0480,Ground Yourself,Raw Material,SUP052
PRD0481,Growth Figure,Packaging,SUP004
PRD0482,Board Pass,Raw Material,SUP059
PRD0483,Matter Our,Component,SUP072
PRD0484,Store Free,Packaging,SUP020
PRD0485,Art On,Raw Material,SUP093
PRD0486,Street Face,Component,SUP063
PRD0487,Several Such,Packaging,SUP054
PRD0488,Even Step,Packaging,SUP074
PRD0489,Present Democrat,Raw Material,SUP098
PRD0490,Change Most,Raw Material,SUP057
PRD0491,Believe Side,Raw Material,SUP090
PRD0492,Describe Without,Component,SUP041
PRD0493,Class Cold,Raw Material,SUP003
PRD0494,Themselves Off,Packaging,SUP006
PRD0495,Reason Tax,Packaging,SUP005
PRD0496,Discuss Into,Raw Material,SUP005
PRD0497,Own Nearly,Raw Material,SUP054
PRD0498,Enter Tend,Chemical,SUP047
PRD0499,Visit Community,Packaging,SUP087
PRD0500,Quickly Amount,Component,SUP049
PRD0501,Strategy Star,Chemical,SUP009
PRD0502,Air Pass,Raw Material,SUP099
PRD0503,Quality Feel,Raw Material,SUP020
PRD0504,Rather Year,Packaging,SUP061
PRD0505,Often How,Raw Material,SUP035
PRD0506,Carry Choice,Component,SUP050
PRD0507,Morning Top,Packaging,SUP082
PRD0508,Though Show,Raw Material,SUP062
PRD0509,But Thousand,Packaging,SUP017
PRD0510,Minute Thousand,Raw Material,SUP088
PRD0511,Produce Deep,Raw Material,SUP003
PRD0512,Risk Suffer,Raw Material,SUP032
PRD0513,International Actually,Component,SUP099
PRD0514,Course Rather,Component,SUP013
PRD0515,Beautiful Arm,Packaging,SUP089
PRD0516,Main Nature,Raw Material,SUP073
PRD0517,Process Decision,Raw Material,SUP068
PRD0518,Seem Add,Component,SUP014
PRD0519,Practice Simple,Raw Material,SUP098
PRD0520,Carry Thus,Component,SUP011
PRD0521,Stage Identify,Raw Material,SUP056
PRD0522,Himself Nearly,Packaging,SUP067
PRD0523,Method Majority,Raw Material,SUP092
PRD0524,Let Suddenly,Raw Material,SUP029
PRD0525,Back Inside,Chemical,SUP009
PRD0526,Purpose Quickly,Component,SUP067
PRD0527,Animal Nearly,Raw Material,SUP025
PRD0528,Always Prepare,Raw Material,SUP098
PRD0529,Themselves Heart,Chemical,SUP076
PRD0530,Rise Baby,Chemical,SUP042
PRD0531,Left Total,Component,SUP009
PRD0532,Sort Admit,Chemical,SUP079
PRD0533,Machine Participant,Packaging,SUP040
PRD0534,Join May,Chemical,SUP025
PRD0535,Popular Her,Packaging,SUP005
PRD0536,Rest Various,Component,SUP011
PRD0537,Draw Ok,Component,SUP059
PRD0538,Police Agree,Component,SUP098
PRD0539,Possible Let,Component,SUP088
PRD0540,Behind Morning,Component,SUP079
PRD0541,Clear Production,Packaging,SUP038
PRD0542,Writer My,Packaging,SUP072
PRD0543,Where House,Component,SUP005
PRD0544,Off If,Chemical,SUP048
PRD0545,Real Factor,Raw Material,SUP090
PRD0546,Money Late,Component,SUP018
PRD0547,Every Nation,Chemical,SUP070
PRD0548,Ready Practice,Raw Material,SUP037
PRD0549,Whose Why,Component,SUP060
PRD0550,Possible Pick,Component,SUP048
PRD0551,Day Part,Packaging,SUP077
PRD0552,You Morning,Raw Material,SUP028
PRD0553,Hair Something,Raw Material,SUP069
PRD0554,Put Professional,Chemical,SUP077
PRD0555,Population Quite,Packaging,SUP081
PRD0556,Central Raise,Packaging,SUP040
PRD0557,Save Draw,Packaging,SUP045
PRD0558,However Job,Packaging,SUP096
PRD0559,Here Couple,Raw Material,SUP062
PRD0560,Follow Marriage,Raw Material,SUP093
PRD0561,Pick Son,Component,SUP058
PRD0562,Social Place,Component,SUP067
PRD0563,Sell Skill,Packaging,SUP056
PRD0564,Break News,Packaging,SUP040
PRD0565,Difference Ready,Packaging,SUP098
PRD0566,Whose Safe,Component,SUP040
PRD0567,Fund See,Chemical,SUP091
PRD0568,Four Democrat,Chemical,SUP077
PRD0569,View Natural,Component,SUP033
PRD0570,Raise Improve,Component,SUP006
PRD0571,Month Spend,Component,SUP088
PRD0572,Industry Culture,Component,SUP019
PRD0573,Agree Career,Component,SUP080
PRD0574,Reveal Participant,Component,SUP040
PRD0575,Open Measure,Packaging,SUP092
PRD0576,Past Blue,Packaging,SUP097
PRD0577,Able Everyone,Packaging,SUP059
PRD0578,Usually Another,Packaging,SUP059
PRD0579,Show Blue,Component,SUP048
PRD0580,Watch Couple,Chemical,SUP041
PRD0581,Certainly Sell,Raw Material,SUP013
PRD0582,Hour Early,Component,SUP045
PRD0583,Especially Wind,Raw Material,SUP089
PRD0584,Imagine Watch,Chemical,SUP053
PRD0585,Adult Fall,Packaging,SUP042
PRD0586,Time Make,Chemical,SUP100
PRD0587,Chance Author,Component,SUP063
PRD0588,Provide Season,Packaging,SUP027
PRD0589,Sea Require,Component,SUP038
PRD0590,If Case,Packaging,SUP060
PRD0591,Pay Deal,Raw Material,SUP007
PRD0592,A Short,Raw Material,SUP005
PRD0593,There Shake,Raw Material,SUP045
PRD0594,Light Similar,Chemical,SUP058
PRD0595,Account Agency,Component,SUP031
PRD0596,City Six,Chemical,SUP023
PRD0597,Today So,Raw Material,SUP042
PRD0598,Bring Difficult,Component,SUP010
PRD0599,Early Section,Raw Material,SUP032
PRD0600,A Whose,Chemical,SUP053
PRD0601,Special Represent,Chemical,SUP030
PRD0602,Enter Million,Chemical,SUP039
PRD0603,President North,Raw Material,SUP031
PRD0604,People You,Component,SUP082
PRD0605,Yard According,Component,SUP100
PRD0606,Nearly Hour,Raw Material,SUP002
PRD0607,Guy Morning,Component,SUP078
PRD0608,Foot Spend,Raw Material,SUP077
PRD0609,Recently Article,Component,SUP093
PRD0610,Financial Break,Packaging,SUP012
PRD0611,General Give,Packaging,SUP039
PRD0612,Next Serious,Chemical,SUP066
PRD0613,Break Record,Packaging,SUP096
PRD0614,Billion Article,Packaging,SUP013
PRD0615,Final Season,Packaging,SUP046
PRD0616,Cause Watch,Raw Material,SUP027
PRD0617,Analysis Describe,Packaging,SUP017
PRD0618,Body Many,Packaging,SUP095
PRD0619,Amount Course,Chemical,SUP098
PRD0620,Doctor Would,Packaging,SUP060
PRD0621,Surface Social,Packaging,SUP064
PRD0622,Factor If,Component,SUP088
PRD0623,Save Threat,Chemical,SUP035
PRD0624,Plant Take,Chemical,SUP070
PRD0625,Table Fund,Chemical,SUP083
PRD0626,Top Because,Chemical,SUP030
PRD0627,Change Sister,Chemical,SUP071
PRD0628,Voice Ahead,Chemical,SUP074
PRD0629,Reality Night,Raw Material,SUP096
PRD0630,Government Describe,Packaging,SUP098
PRD0631,Consumer Ground,Chemical,SUP063
PRD0632,Face Itself,Packaging,SUP028
PRD0633,Bad Modern,Packaging,SUP060
PRD0634,Government Itself,Raw Material,SUP079
PRD0635,Father Our,Chemical,SUP094
PRD0636,Edge Attack,Component,SUP037
PRD0637,Director Mention,Raw Material,SUP093
PRD0638,Half Off,Component,SUP022
PRD0639,Up Too,Packaging,SUP068
PRD0640,Action Consumer,Packaging,SUP020
PRD0641,Development Home,Raw Material,SUP096
PRD0642,Consumer Hot,Raw Material,SUP100
PRD0643,Cup Color,Component,SUP068
PRD0644,Shake Although,Chemical,SUP091
PRD0645,Dream My,Component,SUP064
PRD0646,Thank Away,Raw Material,SUP017
PRD0647,Prevent Such,Component,SUP012
PRD0648,Go Reflect,Raw Material,SUP022
PRD0649,Gun Adult,Component,SUP017
PRD0650,Accept Conference,Raw Material,SUP010
PRD0651,Lawyer South,Raw Material,SUP065
PRD0652,Brother Would,Raw Material,SUP022
PRD0653,Building Involve,Chemical,SUP090
PRD0654,Say Many,Component,SUP082
PRD0655,Personal Throughout,Component,SUP050
PRD0656,Thank Training,Component,SUP014
PRD0657,Way Yet,Raw Material,SUP064
PRD0658,Assume Indeed,Component,SUP047
PRD0659,Along Force,Component,SUP029
PRD0660,Stand Tonight,Raw Material,SUP076
PRD0661,Serious Ask,Packaging,SUP036
PRD0662,Door Economic,Raw Material,SUP099
PRD0663,Of Total,Component,SUP052
PRD0664,Development Science,Raw Material,SUP076
PRD0665,View Gas,Packaging,SUP007
PRD0666,Detail North,Raw Material,SUP029
PRD0667,Bill Must,Component,SUP011
PRD0668,Analysis Pressure,Packaging,SUP033
PRD0669,Foreign Issue,Chemical,SUP006
PRD0670,Finish Lose,Component,SUP079
PRD0671,Window Writer,Packaging,SUP032
PRD0672,Work Else,Packaging,SUP051
PRD0673,Guess Local,Chemical,SUP075
PRD0674,Head Tonight,Raw Material,SUP058
PRD0675,Glass Two,Raw Material,SUP087
PRD0676,Across Collection,Component,SUP026
PRD0677,Really Successful,Chemical,SUP098
PRD0678,Power Choice,Raw Material,SUP046
PRD0679,Both Situation,Chemical,SUP098
PRD0680,Miss Carry,Raw Material,SUP029
PRD0681,State Manage,Packaging,SUP004
PRD0682,Identify Identify,Raw Material,SUP081
PRD0683,Statement And,Chemical,SUP099
PRD0684,Point Trouble,Packaging,SUP013
PRD0685,Debate Clear,Packaging,SUP039
PRD0686,Doctor Very,Packaging,SUP015
PRD0687,Myself Push,Chemical,SUP029
PRD0688,Dark Better,Component,SUP029
PRD0689,Entire Expert,Component,SUP075
PRD0690,Street Herself,Component,SUP032
PRD0691,Party Recent,Chemical,SUP002
PRD0692,Big Suggest,Packaging,SUP047
PRD0693,Particular Question,Component,SUP078
PRD0694,Happy Theory,Chemical,SUP084
PRD0695,Fill Today,Component,SUP022
PRD0696,Choice Structure,Raw Material,SUP075
PRD0697,Allow The,Component,SUP027
PRD0698,History Rather,Component,SUP067
PRD0699,Major Value,Packaging,SUP081
PRD0700,Again Nature,Chemical,SUP056
PRD0701,Business Kind,Packaging,SUP092
PRD0702,Thank Development,Packaging,SUP093
PRD0703,American Room,Packaging,SUP021
PRD0704,Above Put,Packaging,SUP047
PRD0705,Without Effect,Packaging,SUP080
PRD0706,Might Act,Component,SUP059
PRD0707,Physical Yes,Packaging,SUP084
PRD0708,Majority During,Packaging,SUP006
PRD0709,Size Participant,Chemical,SUP019
PRD0710,Until Back,Raw Material,SUP057
PRD0711,Different Beautiful,Component,SUP069
PRD0712,Theory Create,Component,SUP003
PRD0713,Rule Send,Component,SUP001
PRD0714,Research Trouble,Packaging,SUP058
PRD0715,Southern Apply,Packaging,SUP038
PRD0716,Inside Change,Packaging,SUP015
PRD0717,Fight Population,Chemical,SUP034
PRD0718,Meet Over,Raw Material,SUP061
PRD0719,Data Central,Packaging,SUP035
PRD0720,Since American,Raw Material,SUP064
PRD0721,Nor Official,Chemical,SUP025
PRD0722,Perhaps Approach,Component,SUP024
PRD0723,Decision Animal,Packaging,SUP012
PRD0724,Upon Political,Raw Material,SUP018
PRD0725,Individual Consider,Raw Material,SUP015
PRD0726,Authority Somebody,Packaging,SUP080
PRD0727,Describe Head,Component,SUP027
PRD0728,Mission In,Component,SUP072
PRD0729,Threat Government,Component,SUP060
PRD0730,Method Goal,Chemical,SUP046
PRD0731,Today Memory,Raw Material,SUP089
PRD0732,Happy Good,Raw Material,SUP017
PRD0733,Share Possible,Raw Material,SUP093
PRD0734,Sing Assume,Chemical,SUP053
PRD0735,Seat Need,Raw Material,SUP008
PRD0736,Different Meeting,Chemical,SUP079
PRD0737,Turn Quickly,Component,SUP027
PRD0738,View Really,Packaging,SUP046
PRD0739,Both Thus,Raw Material,SUP050
PRD0740,Project There,Raw Material,SUP071
PRD0741,Region Player,Component,SUP003
PRD0742,Particularly Care,Packaging,SUP093
PRD0743,Physical None,Chemical,SUP064
PRD0744,Truth Method,Packaging,SUP044
PRD0745,Difference Car,Component,SUP053
PRD0746,Cost Capital,Component,SUP024
PRD0747,Trade Suddenly,Packaging,SUP060
PRD0748,Fine Fear,Chemical,SUP003
PRD0749,Window Play,Chemical,SUP020
PRD0750,Interest Cover,Raw Material,SUP046
PRD0751,West Little,Chemical,SUP015
PRD0752,Pick Population,Packaging,SUP025
PRD0753,Any Security,Component,SUP094
PRD0754,Age Current,Raw Material,SUP078
PRD0755,Hotel Today,Raw Material,SUP071
PRD0756,Them Thank,Component,SUP017
PRD0757,Hair Pay,Chemical,SUP084
PRD0758,Set Glass,Component,SUP100
PRD0759,Several Read,Chemical,SUP009
PRD0760,Nation Author,Component,SUP038
PRD0761,National Drive,Packaging,SUP048
PRD0762,Gas Interview,Chemical,SUP060
PRD0763,Central Enough,Packaging,SUP063
PRD0764,Course Here,Raw Material,SUP086
PRD0765,Ever Deal,Component,SUP002
PRD0766,Important Once,Raw Material,SUP088
PRD0767,Black Buy,Raw Material,SUP072
PRD0768,Edge Manage,Raw Material,SUP011
PRD0769,Agreement Family,Raw Material,SUP064
PRD0770,Low Treatment,Component,SUP077
PRD0771,Full Benefit,Raw Material,SUP081
PRD0772,Dark Under,Component,SUP072
PRD0773,Watch Education,Component,SUP021
PRD0774,Choice We,Packaging,SUP018
PRD0775,That Score,Chemical,SUP094
PRD0776,Prevent Activity,Chemical,SUP064
PRD0777,Upon Parent,Component,SUP082
PRD0778,One Everything,Packaging,SUP095
PRD0779,These Personal,Component,SUP038
PRD0780,Interest Rather,Component,SUP032
PRD0781,Positive Need,Component,SUP011
PRD0782,Hear Use,Packaging,SUP045
PRD0783,Participant Edge,Chemical,SUP089
PRD0784,Bank Will,Packaging,SUP033
PRD0785,Half Practice,Raw Material,SUP041
PRD0786,Water Without,Packaging,SUP008
PRD0787,Show Several,Packaging,SUP011
PRD0788,Training Wife,Packaging,SUP086
PRD0789,Ever Ago,Packaging,SUP051
PRD0790,Glass Important,Chemical,SUP088
PRD0791,Want College,Raw Material,SUP041
PRD0792,Scientist Too,Chemical,SUP017
PRD0793,Arrive Company,Chemical,SUP076
PRD0794,Spend This,Packaging,SUP046
PRD0795,Near Cover,Component,SUP032
PRD0796,Production Energy,Component,SUP079
PRD0797,Forget Born,Chemical,SUP080
PRD0798,Single Consumer,Chemical,SUP054
PRD0799,Who Republican,Packaging,SUP086
PRD0800,Practice Explain,Chemical,SUP092
PRD0801,Artist Gas,Packaging,SUP020
PRD0802,Close Material,Component,SUP033
PRD0803,Such Strong,Component,SUP074
PRD0804,Response Break,Raw Material,SUP040
PRD0805,Onto Everyone,Component,SUP032
PRD0806,Adult Despite,Chemical,SUP097
PRD0807,Would Save,Component,SUP002
PRD0808,Both Occur,Packaging,SUP097
PRD0809,Hair Until,Component,SUP033
PRD0810,Design What,Raw Material,SUP077
PRD0811,Training Hotel,Component,SUP030
PRD0812,Technology Majority,Packaging,SUP033
PRD0813,Then Yeah,Packaging,SUP077
PRD0814,Career New,Chemical,SUP026
PRD0815,Work Style,Component,SUP022
PRD0816,Between Employee,Packaging,SUP066
PRD0817,Alone Budget,Raw Material,SUP038
PRD0818,Upon Church,Chemical,SUP090
PRD0819,Human Civil,Raw Material,SUP046
PRD0820,Goal Information,Component,SUP015
PRD0821,News Civil,Component,SUP098
PRD0822,Those Sit,Component,SUP044
PRD0823,Budget Officer,Chemical,SUP049
PRD0824,Manager Resource,Packaging,SUP075
PRD0825,Husband Wrong,Chemical,SUP061
PRD0826,Drive Would,Raw Material,SUP067
PRD0827,Discover Year,Chemical,SUP006
PRD0828,Environment Do,Raw Material,SUP009
PRD0829,Fear Later,Chemical,SUP006
PRD0830,Level Tax,Packaging,SUP073
PRD0831,Notice Today,Raw Material,SUP095
PRD0832,Military Standard,Component,SUP032
PRD0833,Garden Firm,Component,SUP041
PRD0834,Recent Main,Chemical,SUP076
PRD0835,Which Position,Component,SUP008
PRD0836,Fact Feeling,Raw Material,SUP072
PRD0837,Evidence Suffer,Component,SUP050
PRD0838,Allow Above,Packaging,SUP092
PRD0839,Boy Service,Packaging,SUP062
PRD0840,Other Cup,Chemical,SUP084
PRD0841,Several There,Raw Material,SUP062
PRD0842,Wonder Million,Packaging,SUP007
PRD0843,Skin Team,Packaging,SUP075
PRD0844,Education Small,Raw Material,SUP084
PRD0845,Force Cultural,Component,SUP080
PRD0846,Official Medical,Component,SUP004
PRD0847,During Attack,Chemical,SUP006
PRD0848,Senior Energy,Component,SUP058
PRD0849,Run Material,Raw Material,SUP022
PRD0850,Million Edge,Packaging,SUP026
PRD0851,Continue Easy,Component,SUP003
PRD0852,You Record,Chemical,SUP041
PRD0853,North Leave,Component,SUP060
PRD0854,Happen How,Raw Material,SUP014
PRD0855,World International,Chemical,SUP075
PRD0856,Old Citizen,Component,SUP082
PRD0857,Way Strategy,Chemical,SUP012
PRD0858,Fish Risk,Raw Material,SUP087
PRD0859,Collection Onto,Packaging,SUP012
PRD0860,Several Us,Raw Material,SUP013
PRD0861,Federal Detail,Raw Material,SUP025
PRD0862,Deep Best,Raw Material,SUP045
PRD0863,Car Want,Raw Material,SUP019
PRD0864,Perform Business,Packaging,SUP055
PRD0865,Sometimes Find,Packaging,SUP100
PRD0866,Shake Interview,Chemical,SUP045
PRD0867,Clear Never,Component,SUP008
PRD0868,Citizen Real,Packaging,SUP093
PRD0869,Theory Teach,Packaging,SUP053
PRD0870,Audience Answer,Component,SUP055
PRD0871,Worry Hard,Packaging,SUP032
PRD0872,Woman Page,Raw Material,SUP051
PRD0873,Relate Mean,Raw Material,SUP044
PRD0874,Either City,Component,SUP082
PRD0875,Situation Build,Chemical,SUP070
PRD0876,Stop Experience,Chemical,SUP018
PRD0877,Pick Find,Component,SUP083
PRD0878,A After,Component,SUP022
PRD0879,Goal Herself,Raw Material,SUP037
PRD0880,Memory South,Chemical,SUP096
PRD0881,Ever Pass,Packaging,SUP056
PRD0882,Street Bit,Raw Material,SUP059
PRD0883,Letter South,Component,SUP003
PRD0884,Past Event,Chemical,SUP028
PRD0885,Every Hard,Packaging,SUP074
PRD0886,Window Room,Packaging,SUP035
PRD0887,Challenge Thank,Raw Material,SUP061
PRD0888,Many Light,Chemical,SUP093
PRD0889,Need Others,Chemical,SUP054
PRD0890,Natural Director,Component,SUP063
PRD0891,Painting Big,Chemical,SUP079
PRD0892,Professor Edge,Chemical,SUP097
PRD0893,His Various,Raw Material,SUP007
PRD0894,Bad Gun,Chemical,SUP076
PRD0895,Act Method,Packaging,SUP049
PRD0896,Those Condition,Raw Material,SUP094
PRD0897,Candidate Discussion,Raw Material,SUP085
PRD0898,Job Product,Component,SUP031
PRD0899,History Early,Chemical,SUP058
PRD0900,Identify Agent,Component,SUP061
PRD0901,Two Foot,Packaging,SUP024
PRD0902,Goal Build,Raw Material,SUP020
PRD0903,Food At,Raw Material,SUP037
PRD0904,Great Decade,Raw Material,SUP004
PRD0905,Need Type,Packaging,SUP092
PRD0906,Today Opportunity,Packaging,SUP020
PRD0907,Yeah Get,Component,SUP060
PRD0908,Common Loss,Component,SUP024
PRD0909,Responsibility Describe,Component,SUP050
PRD0910,Reach Side,Chemical,SUP049
PRD0911,Win Star,Raw Material,SUP051
PRD0912,Concern Find,Raw Material,SUP096
PRD0913,Administration Far,Component,SUP036
PRD0914,Or Term,Raw Material,SUP098
PRD0915,Democratic Red,Component,SUP100
PRD0916,Play Reason,Chemical,SUP066
PRD0917,Success Better,Chemical,SUP079
PRD0918,Hard Natural,Packaging,SUP034
PRD0919,Lose Own,Chemical,SUP036
PRD0920,Partner Western,Component,SUP006
PRD0921,Important Drug,Chemical,SUP039
PRD0922,Before Military,Packaging,SUP042
PRD0923,Can Long,Raw Material,SUP058
PRD0924,At Door,Component,SUP012
PRD0925,The Network,Raw Material,SUP003
PRD0926,Both Anything,Packaging,SUP018
PRD0927,Moment Where,Packaging,SUP040
PRD0928,Design Sort,Packaging,SUP021
PRD0929,With Show,Raw Material,SUP015
PRD0930,Candidate Deep,Raw Material,SUP097
PRD0931,Plan Road,Raw Material,SUP099
PRD0932,Movement Network,Raw Material,SUP026
PRD0933,Section Loss,Packaging,SUP008
PRD0934,You Turn,Packaging,SUP100
PRD0935,Two Around,Component,SUP094
PRD0936,Chair Easy,Component,SUP087
PRD0937,Everything Job,Raw Material,SUP042
PRD0938,Check Blue,Chemical,SUP044
PRD0939,Pretty Resource,Chemical,SUP014
PRD0940,Middle Matter,Packaging,SUP078
PRD0941,Tonight Never,Packaging,SUP002
PRD0942,Meeting Major,Packaging,SUP037
PRD0943,Word Involve,Component,SUP069
PRD0944,Visit Dog,Component,SUP038
PRD0945,Firm Talk,Packaging,SUP041
PRD0946,Hospital Rise,Packaging,SUP062
PRD0947,Election One,Packaging,SUP060
PRD0948,Research Movie,Chemical,SUP014
PRD0949,Value Television,Component,SUP089
PRD0950,Process Parent,Chemical,SUP084
PRD0951,Talk By,Chemical,SUP002
PRD0952,Girl Democrat,Packaging,SUP070
PRD0953,Stuff Off,Packaging,SUP017
PRD0954,Probably Suggest,Raw Material,SUP089
PRD0955,Total Weight,Raw Material,SUP028
PRD0956,Economic Center,Chemical,SUP066
PRD0957,Experience Since,Component,SUP035
PRD0958,Lead Well,Packaging,SUP005
PRD0959,Run Possible,Packaging,SUP065
PRD0960,Service Thus,Chemical,SUP040
PRD0961,Shake Every,Raw Material,SUP076
PRD0962,Though Less,Component,SUP056
PRD0963,Since News,Raw Material,SUP036
PRD0964,Admit Eight,Raw Material,SUP045
PRD0965,Community Over,Raw Material,SUP023
PRD0966,Serious Job,Raw Material,SUP047
PRD0967,Shake Record,Packaging,SUP031
PRD0968,Office Economic,Packaging,SUP011
PRD0969,Class Star,Raw Material,SUP010
PRD0970,Already Reflect,Component,SUP067
PRD0971,Black Agency,Chemical,SUP014
PRD0972,Now Important,Component,SUP080
PRD0973,Office Finally,Component,SUP074
PRD0974,Vote Organization,Component,SUP093
PRD0975,Would Party,Raw Material,SUP010
PRD0976,Quite Ball,Packaging,SUP076
PRD0977,Toward Performance,Component,SUP094
PRD0978,Agent Moment,Raw Material,SUP001
PRD0979,Join Ok,Component,SUP005
PRD0980,Moment Education,Component,SUP020
PRD0981,Clear Knowledge,Raw Material,SUP008
PRD0982,And Its,Packaging,SUP043
PRD0983,Support Upon,Packaging,SUP076
PRD0984,Career Off,Chemical,SUP001
PRD0985,None Particular,Raw Material,SUP057
PRD0986,Night Agent,Chemical,SUP064
PRD0987,Drug Join,Chemical,SUP084
PRD0988,Police Response,Chemical,SUP028
PRD0989,Sea Man,Packaging,SUP037
PRD0990,American Something,Raw Material,SUP047
PRD0991,Physical Most,Chemical,SUP076
PRD0992,Reach Firm,Raw Material,SUP037
PRD0993,Remember As,Raw Material,SUP049
PRD0994,Magazine Hope,Packaging,SUP044
PRD0995,Building Writer,Chemical,SUP056
PRD0996,Little Reveal,Chemical,SUP028
PRD0997,Poor Agreement,Raw Material,SUP079
PRD0998,Choose Good,Component,SUP006
PRD0999,Democrat Sort,Packaging,SUP061
PRD1000,Half Support,Packaging,SUP020
